id;title;content;recipient;time
1;Rustic bleeding-edge;green 1080p Metal;USB;2021-04-14T19:52:42
2;purple Shores transmitting;copying vertical;Rubber invoice Directives;2021-04-14T17:32:36
3;bluetooth payment;District Sports;invoice partnerships Forges;2021-04-14T09:48:03
4;Strategist;solutions;asymmetric Gloves mindshare;2021-04-14T17:36:11
5;compressing Unbranded Wooden Salad;payment Avon Terrace;interface;2021-04-14T17:07:37
6;Borders;metrics client-server;multi-byte Usability;2021-04-15T02:15:04
7;1080p;Spur Gorgeous Steel Bacon;Chair Gloves Associate;2021-04-15T02:49:00
8;Spring wireless Engineer;Kenya back up;withdrawal Pataca Checking Account;2021-04-14T23:13:01
9;Buckinghamshire Licensed;infrastructures;Lithuanian Litas Chief;2021-04-14T18:27:30
10;Global withdrawal;Fantastic European Monetary Unit (E.M.U.-6);scale SMTP Home;2021-04-15T06:13:56
